id;first_name;last_name;gender;email;phone;address_line_1;address_line_2;city;country
1;Gustavo;Zamora;OTHER;")Y<L@d52\[.5z*";928-337-326;Videojuegos Director Yemen;Guinea deposit;María Eugeniaview;Liberia
2;Gregorio;Contreras;MALE;"Hi@l{2w+.Kz4q|";902.683.306;Ergonómico Artesanal bluetooth;copying;Castellón de la Plana Carolina;Sri Lanka
3;Elvira;Arreola;OTHER;"4K6)k@$.c0c5";997 726 764;Electrónica;redundant;Olympia;Trinidad y Tobago
4;Alfonso;Cabán;FEMALE;"MYsVUi@+b[.A(+38f";908151545;Baleares;override;Emiliatown;Tailandia
5;Joaquín;Gallardo;OTHER;"[SL(`@~M/F},.n5'-";949.302.496;Terrenos;overriding India multitarea;Vigo Hernánfort;Lituania
6;José Emilio;Laboy;MALE;"9vaA.#@:i.#";972 960 819;wireless up;Open-source parsing Prolongación;Oliviaside;Suriname
7;Florencia;Ozuna;MALE;"kRIv^@Ovx.;";917951475;generating;Salchichas interfaz indexing;Quirózfort;Santo Tomé y Principe
8;Homero;Merino;OTHER;"*:Hg%t@o#03=.lWeVM";967.128.503;transmit Chalet;Bricolaje XSS Calleja;Brionesfort;Iran
9;Adriana;Brito;MALE;"$ZzkOi@5L}<.Vj7";925.874.965;La Genérico;optimize;Rivas-Vaciamadrid Mateo;Eslovenia
10;Yolanda;Pedroza;FEMALE;"|9vP@X[-)9.lwrwoz";903552751;maximizada Rampa Parafarmacia;Asistente Bebes;Barcelona Luzberg;Uganda
