id;tracking_code;date;details;invoice_id
1;Raton Travesía;2021-06-16T05:31:30;unleash integrate;1
2;Guantes Account Belarussian;2021-06-16T15:31:51;Técnico Rua;2
3;Inteligente Checking;2021-06-15T20:50:23;SSL tolerancia;3
4;transicional Blanco;2021-06-16T10:40:31;Honduras Marroquinería auxiliary;4
5;experiences multitarea Sabroso;2021-06-15T22:08:24;Torrente Bedfordshire;5
6;Papelería Avon;2021-06-16T17:29:57;Lilangeni;6
7;Videojuegos Guapo;2021-06-16T03:07:35;Carretera Rojo;7
8;Oficial mobile Especialista;2021-06-16T12:57:38;system;8
9;bypass;2021-06-16T18:29:56;Seguro;9
10;invoice Progresivo hack;2021-06-15T22:50:45;wireless Borders;10
